id;name;last;max_count;disabled;pair_id;time_range_id
1;Granite;2022-10-25T04:35:41;23086;true;1;1
2;Handcrafted Account;2022-10-25T03:20:03;63078;false;2;2
3;Facilitator Fresh SCSI;2022-10-24T15:46:45;7777;true;3;3
4;system;2022-10-24T15:06:48;81563;true;4;4
5;Orchard cohesive Synergistic;2022-10-24T13:31:39;60311;true;5;5
6;black;2022-10-24T08:52:20;21293;false;6;6
7;RAM;2022-10-24T13:03:41;29572;true;7;7
8;transmitting;2022-10-24T12:07:19;14738;true;8;8
9;withdrawal cyan Paradigm;2022-10-25T07:15:09;94380;true;9;9
10;even-keeled engineer transmit;2022-10-25T04:05:16;42910;true;10;10
